<?xml version="1.0" encoding="UTF-8" standalone="yes"?>
<addon id="repository.simplekodi" name="Simple Kodi" version="1.0" provider-name="Simple Kodi">
	<extension point="xbmc.addon.repository" name="Simple Kodi">
		<info compressed="false">https://oursports.000webhostapp.com/zips/addons.xml</info>
		<checksum>https://oursports.000webhostapp.com/zips/addons.xml.md5</checksum>
		<datadir zip="true">https://oursports.000webhostapp.com/zips/</datadir>
	</extension>
	<extension point="xbmc.addon.metadata">
		<summary>oursports repo</summary>
		<description>our sports Repository</description>
		<platform>all</platform>
	</extension>
</addon>

